2009	Temp. (°C)	Dew Point (°C)	Humidity (%)	Sea Level Press. (hPa)	Visibility (km)	Wind (km/h)	Precip. (mm)	Events
Jan	high	avg	low	high	avg	low	high	avg	low	high	avg	low	high	avg	low	high	avg	high	sum	 
1	-4	-6	-7	-6	-7	-8	93	88	80	1026	1024	1022	10	7	4	21	10	-	0.00	Snow
2	-2	-6	-8	-3	-6	-9	100	90	80	1027	1024	1023	10	8	3	19	13	-	0.00	Snow
3	-4	-8	-12	-7	-10	-13	100	87	74	1027	1024	1019	10	10	10	24	10	-	0.00	 
4	-1	-3	-5	-3	-5	-8	93	85	74	1018	1014	1011	10	9	3	40	31	-	0.00	Snow
5	-1	-3	-6	-2	-4	-7	100	92	86	1020	1013	1010	10	5	2	34	26	-	0.00	Snow
6	-6	-9	-11	-8	-11	-13	93	88	79	1022	1021	1019	7	6	4	19	13	-	0.00	Snow
7	-5	-8	-10	-8	-9	-11	93	87	74	1022	1018	1015	10	7	4	24	11	-	0.00	Snow
8	-5	-9	-12	-7	-10	-13	100	91	86	1031	1029	1022	10	7	0	19	11	-	0.00	Fog
9	-9	-10	-11	-10	-11	-12	93	92	86	1031	1030	1029	3	1	0	19	6	-	0.00	Fog , Snow
10	-8	-11	-13	-9	-11	-14	93	92	85	1032	1031	1030	4	2	1	8	5	-	0.00	Fog
11	-6	-7	-8	-7	-8	-9	100	94	93	1034	1033	1031	6	4	2	10	5	-	0.00	Snow
12	-8	-11	-13	-8	-11	-14	100	93	85	1033	1030	1026	7	4	1	14	8	-	0.00	Fog , Snow
13	-6	-9	-12	-7	-10	-13	93	93	86	1025	1021	1017	7	5	0	14	10	-	0.00	Fog , Snow
14	-6	-8	-10	-7	-9	-11	100	93	93	1017	1015	1014	5	3	0	10	5	-	0.00	Fog , Snow
15	0	-3	-6	-1	-3	-6	100	92	86	1023	1020	1016	5	4	2	13	6	-	0.00	Snow
16	1	-2	-4	-1	-3	-4	100	93	81	1026	1025	1023	10	3	0	13	5	-	0.00	Fog
17	0	-3	-6	-1	-4	-6	100	97	93	1024	1021	1016	8	3	0	11	6	-	0.00	Fog , Rain , Snow
18	4	1	-1	1	-1	-2	93	83	70	1016	1008	1002	10	8	3	39	13	-	0.00	Rain , Snow
19	4	2	0	1	-1	-2	93	79	65	1008	1002	996	10	10	10	37	23	-	0.00	Rain , Snow
20	3	1	-1	2	1	-2	100	92	70	1004	999	996	10	5	0	24	11	-	0.00	Fog , Rain
21	1	0	-1	1	0	-1	100	96	87	1008	1005	1003	10	4	0	13	6	-	0.00	Fog , Rain , Snow
22	4	1	-2	0	-2	-3	100	92	75	1009	1006	1001	10	5	0	19	11	-	0.00	Fog
23	4	1	-2	2	-1	-3	100	91	81	1001	987	977	10	9	6	40	14	-	0.00	Rain , Snow
24	4	2	0	1	-1	-3	87	80	70	996	987	980	10	10	10	50	29	66	0.00	 
25	2	0	-2	-1	-2	-3	100	88	75	1002	1000	996	10	8	0	13	10	-	0.00	Fog , Snow
26	2	-1	-4	0	-2	-5	100	93	81	1005	1002	1001	8	3	0	14	6	-	0.00	Fog
27	2	0	-1	0	-1	-2	100	93	87	1015	1010	1005	8	5	2	16	5	-	0.00	 
28	0	-2	-4	-1	-2	-5	100	93	86	1019	1016	1014	8	6	3	16	11	-	0.00	 
29	1	-2	-5	-2	-3	-6	100	88	75	1023	1021	1019	10	9	6	16	10	-	0.00	 
30	-2	-3	-3	-3	-4	-5	93	86	80	1024	1023	1022	10	9	4	14	10	-	0.00	Snow
31	-1	-3	-4	-2	-3	-5	100	92	80	1022	1019	1014	10	7	2	21	11	-	0.00	Snow
2009	Temp. (°C)	Dew Point (°C)	Humidity (%)	Sea Level Press. (hPa)	Visibility (km)	Wind (km/h)	Precip. (mm)	Events
Feb	high	avg	low	high	avg	low	high	avg	low	high	avg	low	high	avg	low	high	avg	high	sum	 
1	-1	-3	-4	-3	-4	-5	100	90	80	1014	1012	1010	10	7	2	27	13	-	0.00	Snow
2	3	1	-1	0	-1	-4	87	83	80	1011	1009	1005	10	10	10	29	23	-	0.00	 
3	3	2	1	1	0	0	93	85	81	1005	1001	1000	10	10	10	23	14	-	0.00	 
4	1	0	-1	0	-1	-1	100	94	93	1000	999	998	9	6	3	8	5	-	0.00	 
5	0	-1	-1	-1	-1	-2	100	96	93	1002	1001	1000	5	3	1	11	8	-	0.00	Fog
6	2	0	-1	0	-1	-1	100	94	87	1001	997	992	10	5	1	13	8	-	0.00	Fog
7	2	1	0	2	1	0	100	97	93	992	988	986	8	2	0	24	5	-	0.00	Fog
8	2	0	-2	0	-2	-5	100	86	69	1006	998	990	10	9	6	32	16	-	0.00	 
9	3	0	-2	-3	-4	-5	86	73	56	1009	1008	1004	10	10	10	26	19	-	0.00	 
10	9	4	-1	2	-1	-5	100	83	58	1004	994	990	10	8	3	52	21	71	0.00	Rain , Snow
11	2	0	-2	0	-2	-4	100	84	75	1009	1002	993	10	7	2	37	31	60	0.00	Rain , Snow
12	-1	-3	-6	-2	-5	-8	100	84	69	1013	1011	1008	10	9	1	27	16	-	0.00	Snow
13	-1	-4	-7	-6	-8	-10	93	77	55	1014	1014	1013	10	10	10	24	14	-	0.00	Snow
14	-1	-4	-7	-4	-6	-8	93	81	69	1023	1017	1013	10	10	8	24	13	-	0.00	Snow
15	-2	-4	-7	-6	-7	-9	86	79	69	1025	1023	1021	10	10	10	34	18	-	0.00	Snow
16	1	-2	-4	-1	-3	-6	100	90	80	1021	1016	1013	10	7	1	32	26	-	0.00	Snow
17	0	-3	-7	0	-5	-9	100	86	64	1021	1014	1009	10	8	3	32	24	-	0.00	Snow
18	-2	-6	-8	-5	-7	-9	93	85	69	1023	1023	1022	10	9	4	27	14	-	0.00	Snow
19	-2	-6	-9	-5	-8	-11	93	78	69	1023	1023	1022	10	10	10	35	16	-	0.00	Snow
20	0	-2	-4	-1	-3	-6	100	90	80	1023	1022	1021	10	6	1	35	29	-	0.00	Snow
21	0	-1	-2	0	-1	-3	100	94	87	1027	1026	1024	10	5	2	16	10	-	0.00	Snow
22	2	0	-2	1	-1	-2	100	93	87	1026	1018	1012	10	7	3	32	14	-	0.00	Rain , Snow
23	2	0	-1	1	0	-1	100	92	87	1012	1009	1008	10	9	2	32	24	-	0.00	Rain , Snow
24	1	0	-1	0	-1	-2	100	94	87	1027	1019	1012	10	10	10	23	14	-	0.00	Rain , Snow
25	5	2	0	-1	-2	-3	93	77	57	1028	1026	1023	10	10	10	27	14	-	0.00	 
26	4	2	1	2	0	-3	93	85	70	1023	1017	1012	10	9	3	39	29	-	0.00	Rain , Snow
27	7	4	2	2	1	-1	93	83	57	1015	1013	1009	10	10	8	39	29	-	0.00	Rain
28	8	4	2	5	3	2	100	89	76	1016	1015	1014	10	9	0	27	19	-	0.00	Fog , Rain
2009	Temp. (°C)	Dew Point (°C)	Humidity (%)	Sea Level Press. (hPa)	Visibility (km)	Wind (km/h)	Precip. (mm)	Events
Mar	high	avg	low	high	avg	low	high	avg	low	high	avg	low	high	avg	low	high	avg	high	sum	 
1	5	4	3	4	3	2	100	95	87	1014	1013	1012	10	6	0	11	6	-	0.00	Fog
2	7	4	2	5	3	1	100	89	76	1015	1013	1013	10	8	5	16	8	-	0.00	Rain
3	6	4	4	4	3	3	100	94	87	1016	1014	1010	9	5	2	13	8	-	0.00	Rain
4	7	4	2	4	3	1	100	89	76	1009	1000	990	10	8	3	21	11	-	0.00	Fog
5	9	6	2	6	4	1	100	89	76	990	986	985	10	6	2	35	14	-	0.00	Fog , Rain
6	7	6	4	5	4	3	100	92	81	997	991	985	10	9	4	21	16	-	0.00	Rain
7	5	4	3	3	1	0	93	85	75	1011	1005	998	10	10	10	29	18	-	0.00	Rain
8	7	3	0	3	1	-2	93	83	66	1011	1007	1003	10	10	8	39	24	-	0.00	Rain
9	6	3	1	3	1	-2	93	80	57	1010	1005	1000	10	10	10	34	26	-	0.00	Rain , Snow
10	6	3	2	2	1	0	93	82	70	1012	1009	1004	10	10	10	40	29	-	0.00	Rain , Snow
11	5	3	1	2	1	-1	100	85	70	1020	1013	1004	10	9	3	34	21	-	0.00	Rain , Snow
12	7	3	1	1	0	-2	93	83	57	1020	1018	1012	10	10	10	35	19	-	0.00	Rain , Snow
13	9	6	3	3	2	1	93	82	62	1020	1015	1012	10	10	5	37	26	52	0.00	Rain
14	11	6	1	4	1	0	93	72	50	1020	1019	1017	10	10	10	16	11	-	0.00	 
15	8	7	5	5	4	2	93	83	71	1027	1020	1016	10	10	8	32	18	45	0.00	Rain
16	8	6	4	5	3	1	93	83	71	1031	1029	1026	10	10	10	19	13	-	0.00	Rain
17	9	7	4	4	2	-3	93	78	58	1031	1028	1026	10	10	10	42	16	-	0.00	Rain
18	8	4	1	1	-3	-8	81	63	39	1028	1026	1022	10	10	10	40	26	-	0.00	Rain
19	5	2	0	1	-2	-5	100	83	49	1025	1021	1020	10	7	1	29	18	-	0.00	Rain , Snow
20	2	0	-2	-3	-4	-7	86	71	56	1030	1028	1025	10	10	10	24	14	-	0.00	Snow
21	6	1	-4	-3	-5	-8	93	69	42	1029	1026	1022	10	10	10	16	8	-	0.00	 
22	6	3	0	1	-2	-5	76	65	57	1022	1017	1015	10	10	8	35	26	-	0.00	 
23	8	4	1	3	2	0	100	76	66	1015	1004	994	10	9	1	50	37	72	0.00	Rain , Snow , Thunderstorm
24	5	0	-5	1	-2	-7	100	82	53	1006	999	994	10	8	0	48	29	74	0.00	Rain , Snow
25	6	0	-5	0	-4	-7	93	77	45	1007	1004	999	10	9	4	27	18	-	0.00	Rain , Snow
26	7	3	1	3	1	-1	100	82	61	1007	1004	999	10	9	6	32	16	-	0.00	Rain , Snow
27	10	7	4	6	3	1	93	80	66	1004	1002	1001	10	10	10	47	29	64	0.00	Rain
28	14	9	4	8	3	0	87	75	55	1004	1001	998	10	10	10	34	16	-	0.00	Rain
29	8	7	5	5	3	2	93	78	66	1011	1007	1005	10	10	8	27	16	-	0.00	Rain
30	9	6	3	4	2	-1	93	75	50	1022	1017	1011	10	10	8	23	11	-	0.00	Rain
31	10	4	-1	3	1	-2	100	77	54	1024	1023	1021	10	8	3	21	8	-	0.00	 
2009	Temp. (°C)	Dew Point (°C)	Humidity (%)	Sea Level Press. (hPa)	Visibility (km)	Wind (km/h)	Precip. (mm)	Events
Apr	high	avg	low	high	avg	low	high	avg	low	high	avg	low	high	avg	low	high	avg	high	sum	 
1	11	6	1	5	2	-1	100	78	62	1021	1020	1019	10	8	4	21	8	-	0.00	 
2	17	11	5	5	2	1	76	56	39	1022	1021	1020	10	10	10	27	21	-	0.00	 
3	22	12	3	8	4	1	87	62	33	1021	1019	1017	9	8	7	16	11	-	0.00	 
4	22	13	6	10	8	5	93	67	38	1019	1018	1017	10	8	6	11	6	-	0.00	 
5	17	12	8	10	8	6	88	74	59	1022	1021	1020	10	5	3	23	10	-	0.00	 
6	19	12	6	10	7	5	100	75	52	1021	1018	1014	9	6	3	14	10	-	0.00	 
7	22	13	6	9	7	4	94	64	31	1014	1012	1011	10	7	2	13	6	-	0.00	Fog
8	21	13	7	9	6	4	81	58	37	1016	1014	1012	10	10	10	19	8	-	0.00	Rain
9	20	14	8	7	6	5	87	61	37	1019	1017	1016	10	10	10	16	13	-	0.00	 
10	22	13	6	10	7	4	93	62	33	1016	1013	1010	10	10	10	29	11	-	0.00	 
11	22	14	7	8	6	3	93	59	31	1011	1010	1009	-	-	-	26	14	-	0.00	 
12	21	13	7	8	5	1	81	59	33	1011	1011	1009	-	-	-	27	13	-	0.00	 
13	20	12	4	8	5	2	93	64	32	1011	1009	1008	9	8	6	19	10	-	0.00	 
14	21	13	6	10	5	-3	93	62	26	1011	1009	1009	10	8	6	16	8	-	0.00	 
15	20	12	5	7	4	1	81	54	28	1013	1012	1011	-	-	-	23	8	-	0.00	 
16	22	14	7	7	4	2	76	53	29	1012	1009	1004	-	-	-	29	16	-	0.00	 
17	12	9	6	9	6	3	93	82	62	1005	1003	1002	10	10	9	37	19	-	0.00	Rain , Thunderstorm
18	12	9	7	8	7	5	93	87	72	1018	1011	1005	10	10	10	24	16	-	0.00	Fog , Rain
19	17	9	2	9	5	2	100	78	42	1023	1021	1018	10	4	0	23	6	-	0.00	Fog
20	19	11	4	7	4	1	87	59	37	1024	1023	1021	-	-	-	21	11	-	0.00	 
21	18	12	6	3	1	-2	70	45	28	1023	1022	1020	-	-	-	16	10	-	0.00	 
22	18	11	4	6	3	1	82	61	37	1021	1018	1015	10	10	10	32	10	-	0.00	Rain , Thunderstorm
23	11	8	5	5	4	2	87	78	58	1023	1020	1018	10	10	10	24	11	-	0.00	Rain
24	18	11	4	6	3	1	100	64	32	1024	1022	1019	10	6	4	26	11	-	0.00	 
25	21	12	4	7	4	2	87	56	33	1019	1017	1016	-	-	-	21	11	-	0.00	 
26	20	14	8	7	5	4	76	53	37	1016	1013	1009	-	-	-	35	19	48	0.00	 
27	22	16	11	9	6	4	62	50	33	1009	1007	1005	-	-	-	32	23	-	0.00	 
28	22	17	12	7	5	3	59	48	33	1006	1004	1003	-	-	-	39	24	55	0.00	 
29	17	12	8	11	8	3	94	75	54	1011	1008	1006	10	10	4	29	14	-	0.00	Rain , Thunderstorm
30	20	14	8	12	8	2	100	76	34	1018	1014	1011	10	9	5	32	14	45	0.00	Fog , Rain
2009	Temp. (°C)	Dew Point (°C)	Humidity (%)	Sea Level Press. (hPa)	Visibility (km)	Wind (km/h)	Precip. (mm)	Events
May	high	avg	low	high	avg	low	high	avg	low	high	avg	low	high	avg	low	high	avg	high	sum	 
1	21	14	9	11	8	3	88	67	43	1021	1018	1017	10	8	6	24	14	-	0.00	 
2	19	12	5	4	1	-2	81	47	24	1026	1024	1021	-	-	-	19	6	-	0.00	 
3	21	13	5	6	3	0	76	50	28	1026	1023	1018	10	10	10	10	5	-	0.00	 
4	13	8	4	8	5	2	87	76	51	1023	1021	1018	10	10	10	24	16	-	0.00	Rain
5	12	7	2	5	2	-2	93	67	41	1023	1020	1018	10	10	10	32	18	-	0.00	Rain
6	14	11	8	10	8	5	93	82	67	1018	1015	1013	10	10	10	42	26	50	0.00	Rain
7	20	15	10	10	8	7	87	70	43	1019	1018	1017	10	10	10	26	18	-	0.00	 
8	23	17	10	11	9	7	82	64	41	1017	1016	1014	10	10	10	34	14	-	0.00	Rain , Thunderstorm
9	22	16	11	11	10	8	94	71	41	1023	1020	1016	10	10	10	26	14	-	0.00	 
10	20	17	13	13	11	9	82	69	56	1020	1018	1016	10	10	10	27	13	-	0.00	Rain
11	16	12	8	13	11	8	100	90	72	1020	1017	1015	10	7	2	24	8	-	0.00	Rain , Thunderstorm
12	16	12	8	9	6	3	100	75	45	1022	1021	1018	10	9	5	23	14	-	0.00	Rain
13	16	11	6	5	4	1	87	60	42	1022	1020	1017	10	10	10	24	11	-	0.00	 
14	14	10	6	7	4	2	82	67	51	1017	1014	1013	10	10	10	24	16	-	0.00	Rain
15	14	10	7	10	8	5	93	82	72	1013	1011	1010	10	10	10	16	11	-	0.00	 
16	19	14	10	11	9	6	94	78	46	1018	1013	1009	10	9	4	27	14	-	0.00	Rain
17	24	16	7	13	9	5	93	65	38	1019	1017	1015	10	10	10	19	11	-	0.00	 
18	21	16	11	14	12	10	94	74	56	1021	1019	1015	10	10	10	26	8	-	0.00	Rain
19	21	17	13	13	12	11	94	76	56	1023	1022	1021	10	10	10	13	8	-	0.00	Rain
20	25	18	11	14	12	9	94	66	36	1023	1022	1019	10	10	10	21	10	-	0.00	Rain
21	26	19	12	16	12	10	94	64	41	1019	1016	1012	10	10	10	48	13	66	0.00	Rain
22	21	16	11	15	12	9	94	81	64	1018	1014	1012	10	9	4	29	16	40	0.00	Rain , Thunderstorm
23	19	13	8	10	7	5	94	68	43	1022	1020	1018	10	10	10	19	11	-	0.00	 
24	26	18	10	13	10	6	87	62	41	1021	1019	1017	10	10	10	14	8	-	0.00	 
25	24	18	12	13	11	10	94	62	41	1021	1019	1018	10	10	10	11	8	-	0.00	 
26	29	21	13	16	13	10	83	63	35	1017	1013	1009	10	10	10	27	10	-	0.00	Rain , Thunderstorm
27	16	12	9	15	8	4	100	74	45	1025	1021	1013	10	10	7	40	18	60	0.00	Rain , Thunderstorm
28	16	12	9	10	8	4	94	79	63	1025	1023	1022	10	10	6	39	23	64	0.00	Rain
29	11	7	4	9	6	2	100	83	66	1026	1025	1023	10	9	5	45	21	69	0.00	Rain
30	11	9	8	10	9	8	100	93	87	1025	1023	1021	10	10	7	23	16	-	0.00	Fog , Rain
31	15	10	5	12	9	5	100	91	77	1023	1022	1019	10	6	0	23	6	-	0.00	Fog , Rain
2009	Temp. (°C)	Dew Point (°C)	Humidity (%)	Sea Level Press. (hPa)	Visibility (km)	Wind (km/h)	Precip. (mm)	Events
Jun	high	avg	low	high	avg	low	high	avg	low	high	avg	low	high	avg	low	high	avg	high	sum	 
1	19	14	10	12	9	7	94	72	49	1019	1018	1017	10	10	10	21	13	-	0.00	Rain
2	21	16	12	14	11	10	94	78	56	1017	1014	1011	10	10	10	23	11	-	0.00	Rain
3	14	10	7	12	4	1	94	62	47	1012	1011	1009	10	10	10	42	21	55	0.00	 
4	13	10	7	5	3	0	87	64	41	1012	1011	1011	10	10	10	26	18	-	0.00	 
5	14	10	6	5	4	2	81	68	51	1011	1010	1009	10	10	10	21	14	-	0.00	Rain
6	14	9	4	11	7	2	100	81	63	1010	1003	999	10	8	5	27	11	-	0.00	Rain
7	19	14	11	13	11	9	100	79	60	1008	1004	999	10	10	8	48	21	-	0.00	Rain
8	21	16	11	12	10	9	88	72	49	1012	1011	1008	10	10	10	27	18	-	0.00	 
9	22	16	10	16	12	9	94	74	60	1014	1011	1009	10	10	10	26	10	-	0.00	Rain , Thunderstorm
10	22	16	11	12	11	8	94	70	46	1017	1016	1014	10	10	10	24	13	-	0.00	 
11	19	14	11	14	10	8	100	77	59	1016	1013	1010	10	9	1	50	19	82	0.00	Rain , Thunderstorm
12	16	12	7	10	7	5	94	78	55	1020	1017	1016	10	10	6	45	23	60	0.00	Rain , Hail , Thunderstorm
13	20	12	5	6	4	2	93	60	30	1020	1019	1019	-	-	-	26	19	-	0.00	 
14	25	16	7	15	8	4	82	60	35	1022	1020	1017	-	-	-	19	11	-	0.00	 
15	24	18	13	17	14	11	88	74	57	1018	1016	1011	10	10	10	27	13	-	0.00	Rain
16	20	16	11	16	12	8	94	76	52	1024	1017	1010	10	10	5	35	19	40	0.00	Rain
17	22	14	8	11	9	7	94	69	41	1026	1024	1021	10	10	10	14	10	-	0.00	 
18	26	19	12	14	11	8	82	60	36	1021	1018	1017	10	10	10	24	11	-	0.00	 
19	20	17	13	16	14	11	94	84	68	1019	1016	1014	10	10	7	27	11	42	0.00	Rain
20	18	14	11	11	9	6	94	71	45	1020	1020	1018	10	10	10	14	6	-	0.00	Rain
21	19	12	6	10	8	4	93	73	45	1020	1019	1018	10	10	10	23	8	-	0.00	Rain
22	16	11	7	11	9	6	100	83	63	1020	1019	1018	10	10	7	27	14	-	0.00	Rain
23	16	13	12	14	12	9	100	89	77	1018	1017	1016	10	10	5	37	24	-	0.00	Rain
24	16	13	12	15	12	10	100	91	77	1016	1015	1013	10	8	4	32	23	-	0.00	Rain
25	22	18	15	17	16	14	100	90	73	1013	1011	1011	10	8	4	19	11	-	0.00	Rain , Thunderstorm
26	24	19	15	18	16	14	100	87	61	1012	1011	1010	10	8	2	27	11	-	0.00	Fog , Rain , Thunderstorm
27	22	18	15	17	16	15	100	88	73	1015	1013	1012	10	8	2	19	11	-	0.00	Rain
28	20	18	15	16	16	15	100	89	73	1017	1015	1014	10	8	4	21	13	-	0.00	Rain
29	25	20	16	18	16	14	94	82	57	1019	1018	1017	10	9	1	23	10	40	0.00	Rain , Thunderstorm
30	26	21	16	18	17	15	100	82	57	1021	1020	1019	10	9	6	29	8	-	0.00	Rain , Thunderstorm
2009	Temp. (°C)	Dew Point (°C)	Humidity (%)	Sea Level Press. (hPa)	Visibility (km)	Wind (km/h)	Precip. (mm)	Events
Jul	high	avg	low	high	avg	low	high	avg	low	high	avg	low	high	avg	low	high	avg	high	sum	 
1	27	21	15	18	16	15	100	80	51	1021	1020	1019	10	9	8	23	6	-	0.00	Rain , Thunderstorm
2	26	21	16	19	17	14	94	80	57	1021	1019	1016	10	10	8	21	6	-	0.00	Thunderstorm
3	27	22	17	18	17	15	94	78	51	1017	1014	1012	10	9	6	23	6	-	0.00	Rain , Thunderstorm
4	26	20	15	19	16	13	100	82	57	1013	1012	1010	10	10	10	32	13	-	0.00	Rain , Thunderstorm
5	25	20	16	17	15	12	94	74	47	1012	1011	1009	10	9	5	21	11	-	0.00	Rain
6	25	19	13	16	13	10	94	75	41	1010	1009	1009	10	10	10	26	8	-	0.00	Rain
7	25	19	14	16	14	11	100	79	41	1009	1008	1007	10	10	10	39	14	-	0.00	Rain
8	20	17	13	13	11	10	94	76	56	1011	1008	1007	10	10	10	47	26	61	0.00	Rain
9	20	16	11	13	11	9	94	76	56	1014	1013	1011	10	10	8	37	26	-	0.00	Rain , Thunderstorm
10	18	14	10	10	8	6	94	71	48	1015	1013	1013	10	10	10	47	21	61	0.00	Rain
11	18	14	11	11	9	8	94	79	55	1017	1016	1014	10	10	10	26	19	-	0.00	Rain
12	22	17	12	14	11	10	94	73	46	1016	1015	1013	10	10	10	23	10	-	0.00	Rain
13	27	21	15	15	13	11	88	64	39	1015	1014	1013	10	10	10	19	11	-	0.00	 
14	26	21	17	19	16	13	94	72	51	1017	1015	1013	10	10	10	21	10	-	0.00	Rain
15	26	21	17	19	17	15	94	82	57	1022	1020	1017	10	10	6	27	11	-	0.00	Rain , Thunderstorm
16	27	21	16	18	16	15	94	72	54	1024	1022	1020	10	10	10	19	14	-	0.00	 
17	30	23	16	20	17	14	88	72	42	1020	1012	1007	10	10	8	34	8	52	0.00	Rain , Thunderstorm
18	18	16	13	17	13	12	100	92	82	1012	1009	1005	10	9	6	34	18	-	0.00	Rain , Thunderstorm
19	20	17	13	13	12	10	94	79	56	1018	1015	1012	10	10	10	37	24	-	0.00	Rain
20	21	16	12	14	12	9	94	76	49	1019	1018	1018	10	10	10	40	24	55	0.00	Rain
21	26	19	12	15	13	11	94	70	44	1019	1017	1014	10	10	10	21	11	-	0.00	Rain
22	29	22	16	18	15	13	88	62	40	1014	1012	1011	-	-	-	24	13	-	0.00	 
23	33	24	17	20	17	13	100	69	36	1012	1009	1006	10	9	1	66	14	87	0.00	Rain , Thunderstorm
24	25	20	16	15	13	7	94	65	34	1016	1014	1011	10	10	10	37	24	-	0.00	 
25	21	17	12	12	11	7	88	70	40	1022	1019	1016	10	10	10	40	19	61	0.00	Rain , Thunderstorm
26	21	16	11	12	9	6	94	66	38	1023	1022	1021	10	10	10	23	16	-	0.00	 
27	26	19	12	12	10	7	82	56	34	1021	1017	1013	-	-	-	19	11	-	0.00	 
28	21	18	15	16	14	12	94	77	60	1023	1019	1013	10	10	10	24	13	-	0.00	Rain
29	25	18	11	14	12	9	94	66	38	1023	1022	1018	10	8	6	14	6	-	0.00	Fog
30	27	20	14	16	12	10	82	63	39	1023	1019	1016	10	10	10	34	11	-	0.00	 
31	22	16	11	10	9	8	82	62	41	1025	1023	1022	10	10	10	23	11	-	0.00	 
2009	Temp. (°C)	Dew Point (°C)	Humidity (%)	Sea Level Press. (hPa)	Visibility (km)	Wind (km/h)	Precip. (mm)	Events
Aug	high	avg	low	high	avg	low	high	avg	low	high	avg	low	high	avg	low	high	avg	high	sum	 
1	27	19	11	13	11	8	88	61	37	1022	1017	1013	10	10	10	14	8	-	0.00	 
2	30	22	14	18	14	11	94	68	33	1013	1011	1009	10	10	7	45	8	69	0.00	Rain , Thunderstorm
3	22	19	16	16	15	14	94	81	64	1017	1015	1012	10	10	10	32	18	-	0.00	Rain
4	21	18	15	14	13	11	94	74	56	1022	1019	1017	10	10	10	29	16	-	0.00	Rain
5	23	17	12	16	13	10	88	72	60	1022	1022	1021	10	10	10	23	13	-	0.00	 
6	26	19	13	15	13	12	94	67	44	1022	1022	1021	10	10	10	21	8	-	0.00	 
7	26	20	14	16	13	11	88	65	41	1022	1020	1019	10	10	10	21	10	-	0.00	 
8	26	19	13	13	11	8	88	57	34	1020	1019	1018	10	10	10	19	11	35	0.00	 
9	25	19	13	13	11	7	88	58	32	1019	1018	1017	-	-	-	14	11	-	0.00	 
10	26	20	14	17	14	12	94	69	42	1018	1016	1014	10	10	10	24	8	-	0.00	Rain
11	25	20	15	17	15	12	100	81	44	1018	1016	1015	10	8	4	24	11	-	0.00	Rain
12	22	18	15	16	14	11	100	77	50	1019	1018	1016	10	9	6	26	14	-	0.00	Rain
13	22	18	15	15	13	9	100	73	46	1017	1015	1013	10	10	9	23	13	-	0.00	Rain
14	22	17	12	12	11	9	88	67	46	1020	1018	1017	10	10	10	16	8	-	0.00	 
15	27	19	11	13	12	9	88	62	39	1021	1019	1018	10	10	10	16	6	-	0.00	 
16	30	22	15	17	13	10	88	59	29	1019	1017	1016	10	10	10	21	11	-	0.00	 
17	30	23	17	17	14	11	83	60	31	1016	1015	1012	10	10	10	47	19	71	0.00	Rain , Thunderstorm
18	24	19	15	15	13	9	94	69	43	1023	1020	1014	10	10	10	24	14	-	0.00	 
19	27	19	12	12	10	8	82	56	32	1026	1024	1023	-	-	-	14	8	-	0.00	 
20	29	21	14	13	11	8	82	52	28	1025	1024	1021	-	-	-	21	10	-	0.00	 
21	26	20	14	17	15	11	88	69	54	1021	1020	1019	10	10	10	27	10	-	0.00	Rain
22	20	17	14	17	13	11	94	79	56	1025	1022	1020	10	9	5	23	11	-	0.00	Rain
23	23	17	12	12	9	7	88	62	38	1026	1024	1022	10	10	10	16	10	-	0.00	 
24	25	17	9	11	8	6	93	59	31	1022	1017	1014	-	-	-	26	14	-	0.00	 
25	29	20	11	15	13	9	94	63	37	1014	1013	1012	-	-	-	14	8	-	0.00	 
26	25	21	17	17	16	15	88	73	57	1018	1016	1014	10	10	10	19	10	-	0.00	Rain
27	29	22	15	17	15	13	94	71	37	1020	1018	1016	10	10	9	21	8	-	0.00	 
28	30	23	16	18	14	12	88	62	33	1017	1014	1012	10	10	10	32	11	-	0.00	 
29	22	17	12	13	7	2	77	54	29	1022	1017	1015	10	10	10	27	18	-	0.00	 
30	22	14	8	7	5	2	81	54	29	1023	1022	1020	-	-	-	24	13	-	0.00	 
31	25	17	9	9	6	3	76	51	29	1023	1021	1019	-	-	-	14	6	-	0.00	 
2009	Temp. (°C)	Dew Point (°C)	Humidity (%)	Sea Level Press. (hPa)	Visibility (km)	Wind (km/h)	Precip. (mm)	Events
Sep	high	avg	low	high	avg	low	high	avg	low	high	avg	low	high	avg	low	high	avg	high	sum	 
1	30	20	10	13	10	8	87	55	31	1019	1016	1013	-	-	-	16	10	-	0.00	 
2	26	22	18	15	13	11	78	61	39	1018	1015	1012	10	10	10	21	13	-	0.00	 
3	26	21	16	16	14	11	94	75	42	1012	1008	1005	10	9	3	55	18	84	0.00	Rain , Thunderstorm
4	18	16	14	13	11	9	82	74	67	1010	1009	1007	10	10	10	37	19	-	0.00	Rain
5	16	13	11	9	8	7	88	73	55	1022	1017	1008	10	10	10	52	34	66	0.00	Rain
6	19	13	8	9	7	5	93	68	40	1026	1024	1022	10	10	10	24	18	-	0.00	Rain
7	22	14	8	9	7	5	93	61	33	1026	1025	1024	10	10	10	14	10	35	0.00	 
8	24	17	9	10	8	6	87	56	31	1028	1026	1025	-	-	-	14	8	-	0.00	 
9	24	17	10	10	8	6	82	55	31	1026	1025	1024	-	-	-	11	6	-	0.00	 
10	24	17	10	13	9	6	76	59	38	1027	1025	1024	10	10	10	26	10	-	0.00	 
11	19	16	13	14	12	10	94	78	56	1028	1027	1026	10	10	5	32	21	-	0.00	Rain
12	19	16	11	11	8	6	94	69	45	1025	1023	1021	10	10	10	21	16	-	0.00	 
13	17	13	9	9	7	4	82	70	42	1021	1017	1014	10	10	10	26	13	-	0.00	 
14	15	12	10	12	10	8	94	86	77	1018	1017	1015	10	10	9	21	10	-	0.00	Rain
15	22	17	13	14	12	11	94	76	57	1018	1017	1016	10	9	5	24	18	-	0.00	Rain
16	23	17	12	14	13	11	100	77	53	1017	1014	1012	10	8	2	13	8	-	0.00	Fog
17	18	16	14	15	14	12	94	85	77	1019	1014	1012	10	7	4	24	11	-	0.00	 
18	22	18	14	13	12	9	88	71	50	1021	1020	1019	10	10	9	19	10	-	0.00	 
19	24	17	9	14	11	7	93	72	53	1020	1018	1017	10	10	10	23	11	-	0.00	 
20	23	17	11	15	13	10	94	82	61	1021	1019	1017	10	8	3	13	6	-	0.00	 
21	24	18	13	15	13	11	100	76	44	1025	1023	1021	10	7	3	19	6	-	0.00	Fog
22	26	18	11	14	12	10	94	74	47	1026	1025	1024	10	7	4	11	6	-	0.00	 
23	25	19	13	13	11	9	88	64	36	1026	1024	1022	9	9	8	24	14	-	0.00	 
24	19	16	13	13	12	10	94	78	64	1024	1023	1021	10	9	4	16	10	-	0.00	Rain
25	17	12	8	13	9	6	100	78	52	1027	1025	1023	10	9	5	13	6	-	0.00	 
26	18	12	6	9	7	5	93	71	49	1029	1027	1027	10	10	10	14	6	-	0.00	 
27	22	13	6	10	8	5	100	72	46	1027	1026	1024	9	8	7	10	5	-	0.00	 
28	21	14	9	11	8	7	88	67	40	1024	1022	1018	10	10	10	23	13	-	0.00	 
29	18	16	13	10	9	9	77	70	59	1018	1017	1016	10	10	10	34	21	-	0.00	 
30	14	12	10	11	10	9	100	89	77	1019	1017	1015	10	9	4	21	11	-	0.00	Rain
2009	Temp. (°C)	Dew Point (°C)	Humidity (%)	Sea Level Press. (hPa)	Visibility (km)	Wind (km/h)	Precip. (mm)	Events
Oct	high	avg	low	high	avg	low	high	avg	low	high	avg	low	high	avg	low	high	avg	high	sum	 
1	18	14	10	11	9	7	94	79	49	1014	1012	1009	10	10	10	35	21	-	0.00	Rain
2	13	9	5	6	4	2	93	67	47	1017	1015	1014	10	10	10	32	16	-	0.00	 
3	17	11	5	6	4	3	87	68	45	1017	1015	1010	10	10	10	34	19	-	0.00	 
4	17	13	11	9	7	6	77	63	48	1015	1011	1009	10	10	10	45	29	-	0.00	Rain
5	16	12	9	10	8	6	94	76	55	1019	1017	1015	10	10	10	23	13	-	0.00	Rain
6	21	16	10	15	12	10	100	84	60	1017	1015	1015	10	8	2	42	14	-	0.00	Rain
7	25	20	16	15	14	14	88	75	53	1017	1015	1013	10	10	10	37	26	-	0.00	Rain
8	23	17	11	14	12	9	88	72	47	1018	1013	1009	10	10	10	45	19	63	0.00	Rain
9	14	10	6	9	5	2	93	75	51	1023	1021	1019	10	10	10	13	8	-	0.00	 
10	14	9	5	10	6	2	94	82	59	1020	1015	1012	10	9	5	19	8	-	0.00	Rain
11	13	11	10	11	9	7	100	87	72	1013	1011	1006	10	10	6	35	21	50	0.00	Rain
12	10	8	5	8	6	2	93	86	71	1017	1008	1001	10	10	10	32	24	48	0.00	Rain
13	7	4	2	3	2	-1	93	82	66	1021	1019	1017	10	10	4	58	23	50	0.00	Rain
14	4	3	2	1	-1	-3	93	77	65	1021	1021	1019	10	10	10	39	27	58	0.00	Rain
15	2	1	1	0	-1	-3	93	85	70	1019	1018	1017	10	7	1	40	34	55	0.00	Snow
16	5	3	1	3	1	0	93	91	81	1019	1013	1008	10	9	4	48	26	-	0.00	Rain , Snow
17	5	3	2	3	2	0	100	90	81	1018	1015	1010	10	10	10	34	16	-	0.00	Rain
18	7	4	2	3	2	1	100	88	76	1021	1018	1018	10	10	9	24	10	-	0.00	Rain
19	7	3	0	2	1	0	100	86	61	1022	1020	1018	10	8	0	14	8	-	0.00	Fog
20	5	2	0	4	1	-1	100	95	87	1018	1015	1013	10	5	0	10	5	-	0.00	Fog
21	7	4	2	2	1	0	87	79	66	1013	1012	1010	10	9	6	19	8	-	0.00	 
22	9	6	2	7	4	0	93	88	81	1010	1006	1005	8	6	4	19	10	-	0.00	Rain
23	10	8	6	7	7	5	100	90	82	1015	1010	1005	10	7	4	19	11	-	0.00	Rain
24	13	10	6	7	7	5	100	88	67	1019	1017	1015	10	7	5	11	6	-	0.00	 
25	14	8	2	9	6	2	100	89	63	1018	1017	1016	10	5	1	11	6	-	0.00	Fog , Rain
26	15	12	9	10	8	5	100	84	59	1019	1017	1017	10	7	2	26	11	-	0.00	Fog , Rain
27	13	11	9	8	7	6	87	82	72	1023	1021	1019	10	10	10	24	18	-	0.00	Rain
28	11	9	8	8	7	5	93	82	67	1022	1021	1019	10	10	10	13	5	-	0.00	Rain
29	11	8	6	8	7	3	93	87	76	1027	1021	1018	10	9	5	21	11	-	0.00	Rain
30	8	3	-2	4	1	-3	93	78	57	1030	1029	1027	10	10	8	19	13	-	0.00	 
31	1	-2	-4	0	-2	-4	100	91	81	1030	1029	1027	10	5	1	10	5	-	0.00	Fog
2009	Temp. (°C)	Dew Point (°C)	Humidity (%)	Sea Level Press. (hPa)	Visibility (km)	Wind (km/h)	Precip. (mm)	Events
Nov	high	avg	low	high	avg	low	high	avg	low	high	avg	low	high	avg	low	high	avg	high	sum	 
1	1	0	0	-1	-2	-2	93	86	81	1027	1021	1014	9	7	6	14	10	-	0.00	 
2	3	1	0	2	1	-1	100	91	87	1014	1006	1001	10	7	3	23	13	-	0.00	Rain
3	5	3	2	3	2	1	100	95	87	1001	999	997	7	3	0	14	8	-	0.00	Fog , Rain , Snow
4	10	6	2	8	3	2	100	92	76	997	992	988	10	8	0	34	16	50	0.00	Fog , Rain
5	11	7	3	5	3	1	87	78	58	1006	1001	996	10	10	10	24	14	-	0.00	 
6	5	3	1	3	2	0	100	87	76	1012	1010	1006	10	9	3	26	13	-	0.00	Fog
7	6	3	1	4	2	1	100	90	81	1010	1005	1003	10	5	0	11	6	-	0.00	Fog
8	6	3	1	5	3	1	100	93	81	1006	1005	1004	10	5	1	14	6	-	0.00	Fog , Rain
9	6	4	4	5	4	3	100	96	93	1010	1006	1003	5	2	1	19	11	-	0.00	Fog , Rain
10	6	4	3	5	3	2	100	88	76	1010	1009	1008	10	9	3	26	13	-	0.00	 
11	6	4	4	4	3	2	93	87	81	1009	1008	1007	10	10	10	19	13	-	0.00	 
12	9	7	4	3	3	1	87	81	66	1013	1010	1009	10	10	10	32	19	-	0.00	Rain
13	12	7	3	8	6	2	93	87	76	1017	1015	1013	10	10	10	26	18	-	0.00	 
14	9	6	2	8	5	1	100	94	87	1017	1015	1013	8	3	0	14	6	-	0.00	Fog
15	13	9	5	7	5	4	93	84	63	1018	1016	1014	10	9	5	26	13	-	0.00	 
16	12	9	7	9	7	5	100	87	76	1014	1013	1013	10	10	10	16	10	-	0.00	Rain
17	15	12	10	12	10	8	100	87	67	1015	1012	1010	10	10	6	37	18	53	0.00	Rain
18	11	8	6	7	4	3	87	76	62	1023	1020	1016	10	10	10	50	24	72	0.00	Rain
19	13	9	4	6	4	2	87	75	58	1025	1024	1020	10	10	10	39	27	-	0.00	 
20	14	8	2	6	3	1	100	85	55	1026	1025	1024	9	7	5	14	8	-	0.00	 
21	13	8	3	7	4	2	100	85	67	1028	1026	1022	9	5	0	14	6	-	0.00	Fog
22	10	6	2	8	4	2	100	92	76	1022	1017	1013	10	2	0	14	5	-	0.00	Fog
23	11	9	7	6	4	2	87	69	58	1014	1010	1005	10	10	10	50	26	74	0.00	Rain
24	11	9	8	9	6	3	94	77	58	1015	1010	1005	10	10	10	53	37	74	0.00	Rain
25	14	11	8	9	6	2	88	73	55	1016	1013	1010	10	10	10	35	24	-	0.00	 
26	11	8	5	5	3	2	81	71	58	1014	1012	1010	10	10	10	37	19	-	0.00	 
27	11	7	3	3	2	1	87	72	54	1012	1009	1007	10	10	10	39	18	-	0.00	 
28	9	7	4	3	1	0	81	71	62	1011	1009	1007	10	10	10	34	19	-	0.00	Rain
29	10	6	1	2	1	-1	93	71	50	1008	1006	1002	7	7	7	23	14	-	0.00	 
30	8	4	0	6	3	-1	100	92	81	1002	996	995	9	6	2	13	8	-	0.00	Fog
2009	Temp. (°C)	Dew Point (°C)	Humidity (%)	Sea Level Press. (hPa)	Visibility (km)	Wind (km/h)	Precip. (mm)	Events
Dec	high	avg	low	high	avg	low	high	avg	low	high	avg	low	high	avg	low	high	avg	high	sum	 
1	5	4	3	4	3	2	93	91	87	1009	1003	997	10	9	4	23	13	-	0.00	Rain
2	7	3	0	2	1	-1	93	87	66	1015	1013	1010	10	9	8	29	14	-	0.00	Rain
3	2	0	-1	0	0	-2	100	93	87	1013	1011	1008	9	6	3	11	8	-	0.00	Fog
4	1	0	-1	0	-1	-2	100	94	87	1014	1009	1006	10	5	0	14	8	-	0.00	Fog , Snow
5	3	1	0	1	0	-1	93	88	81	1016	1015	1014	10	9	7	16	13	-	0.00	Rain
6	8	4	2	5	3	0	93	90	81	1014	1013	1010	10	9	7	16	10	-	0.00	Rain
7	10	7	4	7	5	3	100	92	71	1015	1013	1010	10	7	0	32	16	-	0.00	Fog , Rain
8	6	4	4	5	4	3	100	96	87	1016	1011	1008	10	5	0	26	13	-	0.00	Fog , Rain
9	6	4	4	4	3	3	93	91	87	1027	1023	1016	10	10	10	24	16	-	0.00	Rain
10	5	3	1	4	2	0	100	90	81	1027	1021	1016	10	9	4	29	14	-	0.00	Rain
11	5	3	1	4	2	1	100	95	87	1022	1018	1015	10	6	2	26	16	-	0.00	Rain
12	1	0	-2	0	-1	-5	100	91	80	1022	1022	1021	10	7	2	24	13	-	0.00	Rain , Snow
13	-2	-3	-4	-4	-6	-8	93	83	69	1021	1021	1020	10	9	5	21	16	-	0.00	Snow
14	-3	-4	-4	-4	-6	-8	93	85	74	1021	1020	1019	10	9	6	13	11	-	0.00	Snow
15	-1	-3	-4	-3	-3	-5	100	91	80	1019	1016	1013	10	8	4	16	10	-	0.00	Snow
16	-3	-6	-7	-5	-7	-9	100	87	80	1013	1009	1006	10	8	4	14	10	-	0.00	Snow
17	-6	-9	-12	-7	-9	-13	100	92	80	1007	1006	1005	6	5	2	16	10	-	0.00	Snow
18	-7	-11	-15	-8	-12	-16	93	89	79	1005	1004	1003	6	4	2	19	13	-	0.00	Snow
19	-10	-13	-16	-12	-14	-17	92	89	85	1003	1003	1002	6	4	1	10	6	-	0.00	Snow
20	-10	-14	-17	-12	-16	-20	92	81	67	1006	1003	1000	10	7	3	29	16	-	0.00	Snow
21	-2	-6	-10	-6	-8	-12	93	80	69	1005	1003	999	10	10	8	34	18	-	0.00	Snow
22	2	-3	-8	-2	-6	-10	93	86	70	999	995	993	8	6	4	21	11	-	0.00	Rain , Snow
23	2	0	-2	0	-1	-3	100	94	86	1003	995	988	10	5	1	19	10	-	0.00	Rain , Snow
24	2	0	-1	1	0	-2	100	97	93	1002	997	990	8	2	0	19	10	-	0.00	Fog , Rain
25	8	4	1	5	1	0	100	87	71	1002	992	985	10	6	0	50	16	66	0.00	Fog , Rain
26	4	1	-2	-1	-3	-4	86	74	65	1010	1008	1003	10	10	10	42	31	-	0.00	 
27	0	-2	-5	-2	-4	-6	100	90	80	1009	1006	1004	10	9	6	16	6	-	0.00	 
28	4	1	-1	-1	-2	-4	93	81	65	1007	1003	1002	10	10	10	34	23	-	0.00	 
29	1	-2	-5	-1	-3	-5	100	89	75	1009	1005	999	10	5	2	16	10	-	0.00	Snow
30	5	2	-1	4	1	-1	100	96	87	999	995	994	10	4	0	21	8	-	0.00	Fog , Rain , Snow
31	6	3	0	4	3	0	100	94	87	994	993	992	10	7	1	26	13	-	0.00	Fog , Rain